initial_obj,final_obj,total_time,iterations,customers_served,final_profit,final_distance,construction_time,T_start,alpha_cooling,max_iter_per_temp,path,alpha,seed,op_set,k_mod,t_start,alpha_cool,iter_temp
481.0,1028.04,0.7423808574676514,1690,59,1090.0,619.5999999999999,0.0022139549255371094,20.0,0.8,200,/home/thijs-alens/Documents/manama/applied-AI_academic-perspectives/combinatorial-optimization/project/src/benchmarks_cap_json/r107_cap.json,0.1,42,"('insert', 'relocate', 'swap', '2opt')",3,20.0,0.8,200
481.0,988.52,1.5105891227722168,2763,57,1050.0,614.8,0.0014693737030029297,20.0,0.8,400,/home/thijs-alens/Documents/manama/applied-AI_academic-perspectives/combinatorial-optimization/project/src/benchmarks_cap_json/r107_cap.json,0.1,42,"('insert', 'relocate', 'swap', '2opt')",3,20.0,0.8,400
481.0,988.54,1.5638091564178467,3003,57,1050.0,614.6,0.0015492439270019531,20.0,0.9,200,/home/thijs-alens/Documents/manama/applied-AI_academic-perspectives/combinatorial-optimization/project/src/benchmarks_cap_json/r107_cap.json,0.1,42,"('insert', 'relocate', 'swap', '2opt')",3,20.0,0.9,200
481.0,996.17,3.149911880493164,6110,56,1058.0,618.3,0.0014917850494384766,20.0,0.9,400,/home/thijs-alens/Documents/manama/applied-AI_academic-perspectives/combinatorial-optimization/project/src/benchmarks_cap_json/r107_cap.json,0.1,42,"('insert', 'relocate', 'swap', '2opt')",3,20.0,0.9,400
481.0,986.03,3.445235013961792,5742,55,1045.0,589.7,0.0014269351959228516,20.0,0.95,200,/home/thijs-alens/Documents/manama/applied-AI_academic-perspectives/combinatorial-optimization/project/src/benchmarks_cap_json/r107_cap.json,0.1,42,"('insert', 'relocate', 'swap', '2opt')",3,20.0,0.95,200
481.0,990.29,6.592925310134888,12835,56,1053.0,627.1,0.0015041828155517578,20.0,0.95,400,/home/thijs-alens/Documents/manama/applied-AI_academic-perspectives/combinatorial-optimization/project/src/benchmarks_cap_json/r107_cap.json,0.1,42,"('insert', 'relocate', 'swap', '2opt')",3,20.0,0.95,400
481.0,990.99,16.867225885391235,28824,56,1053.0,615.3,0.0015780925750732422,20.0,0.99,200,/home/thijs-alens/Documents/manama/applied-AI_academic-perspectives/combinatorial-optimization/project/src/benchmarks_cap_json/r107_cap.json,0.1,42,"('insert', 'relocate', 'swap', '2opt')",3,20.0,0.99,200
481.0,1021.02,33.87875938415527,55357,59,1081.0,598.6999999999999,0.001546621322631836,20.0,0.99,400,/home/thijs-alens/Documents/manama/applied-AI_academic-perspectives/combinatorial-optimization/project/src/benchmarks_cap_json/r107_cap.json,0.1,42,"('insert', 'relocate', 'swap', '2opt')",3,20.0,0.99,400
481.0,1010.57,0.8995976448059082,1936,55,1075.0,644.3,0.001554250717163086,50.0,0.8,200,/home/thijs-alens/Documents/manama/applied-AI_academic-perspectives/combinatorial-optimization/project/src/benchmarks_cap_json/r107_cap.json,0.1,42,"('insert', 'relocate', 'swap', '2opt')",3,50.0,0.8,200
481.0,1026.61,1.8188204765319824,4116,56,1086.0,593.9,0.001447439193725586,50.0,0.8,400,/home/thijs-alens/Documents/manama/applied-AI_academic-perspectives/combinatorial-optimization/project/src/benchmarks_cap_json/r107_cap.json,0.1,42,"('insert', 'relocate', 'swap', '2opt')",3,50.0,0.8,400
481.0,1030.63,1.9889159202575684,3879,57,1091.0,603.7,0.0014429092407226562,50.0,0.9,200,/home/thijs-alens/Documents/manama/applied-AI_academic-perspectives/combinatorial-optimization/project/src/benchmarks_cap_json/r107_cap.json,0.1,42,"('insert', 'relocate', 'swap', '2opt')",3,50.0,0.9,200
481.0,1031.25,4.105349779129028,8121,57,1091.0,597.3000000000001,0.0014014244079589844,50.0,0.9,400,/home/thijs-alens/Documents/manama/applied-AI_academic-perspectives/combinatorial-optimization/project/src/benchmarks_cap_json/r107_cap.json,0.1,42,"('insert', 'relocate', 'swap', '2opt')",3,50.0,0.9,400
481.0,1025.71,3.9748635292053223,9305,56,1083.0,572.9,0.001623392105102539,50.0,0.95,200,/home/thijs-alens/Documents/manama/applied-AI_academic-perspectives/combinatorial-optimization/project/src/benchmarks_cap_json/r107_cap.json,0.1,42,"('insert', 'relocate', 'swap', '2opt')",3,50.0,0.95,200
481.0,1043.11,7.779187440872192,16805,56,1102.0,588.9,0.0014481544494628906,50.0,0.95,400,/home/thijs-alens/Documents/manama/applied-AI_academic-perspectives/combinatorial-optimization/project/src/benchmarks_cap_json/r107_cap.json,0.1,42,"('insert', 'relocate', 'swap', '2opt')",3,50.0,0.95,400
481.0,1028.1,18.54229760169983,43164,56,1089.0,609.0,0.0015556812286376953,50.0,0.99,200,/home/thijs-alens/Documents/manama/applied-AI_academic-perspectives/combinatorial-optimization/project/src/benchmarks_cap_json/r107_cap.json,0.1,42,"('insert', 'relocate', 'swap', '2opt')",3,50.0,0.99,200
481.0,1036.95,36.97963213920593,79741,57,1101.0,631.3,0.0014629364013671875,50.0,0.99,400,/home/thijs-alens/Documents/manama/applied-AI_academic-perspectives/combinatorial-optimization/project/src/benchmarks_cap_json/r107_cap.json,0.1,42,"('insert', 'relocate', 'swap', '2opt')",3,50.0,0.99,400
481.0,1041.16,0.9065995216369629,2193,56,1102.0,608.2,0.001489400863647461,100.0,0.8,200,/home/thijs-alens/Documents/manama/applied-AI_academic-perspectives/combinatorial-optimization/project/src/benchmarks_cap_json/r107_cap.json,0.1,42,"('insert', 'relocate', 'swap', '2opt')",3,100.0,0.8,200
481.0,1028.33,1.8408582210540771,4234,57,1091.0,626.7,0.0014646053314208984,100.0,0.8,400,/home/thijs-alens/Documents/manama/applied-AI_academic-perspectives/combinatorial-optimization/project/src/benchmarks_cap_json/r107_cap.json,0.1,42,"('insert', 'relocate', 'swap', '2opt')",3,100.0,0.8,400
481.0,1042.98,1.9754855632781982,4659,56,1102.0,590.2,0.001527547836303711,100.0,0.9,200,/home/thijs-alens/Documents/manama/applied-AI_academic-perspectives/combinatorial-optimization/project/src/benchmarks_cap_json/r107_cap.json,0.1,42,"('insert', 'relocate', 'swap', '2opt')",3,100.0,0.9,200
481.0,1033.0,3.9312589168548584,9847,57,1091.0,580.0,0.0015759468078613281,100.0,0.9,400,/home/thijs-alens/Documents/manama/applied-AI_academic-perspectives/combinatorial-optimization/project/src/benchmarks_cap_json/r107_cap.json,0.1,42,"('insert', 'relocate', 'swap', '2opt')",3,100.0,0.9,400
481.0,1033.5,3.8907463550567627,9387,57,1091.0,575.0,0.0015289783477783203,100.0,0.95,200,/home/thijs-alens/Documents/manama/applied-AI_academic-perspectives/combinatorial-optimization/project/src/benchmarks_cap_json/r107_cap.json,0.1,42,"('insert', 'relocate', 'swap', '2opt')",3,100.0,0.95,200
481.0,1046.78,7.643412828445435,20890,56,1102.0,552.1,0.0014002323150634766,100.0,0.95,400,/home/thijs-alens/Documents/manama/applied-AI_academic-perspectives/combinatorial-optimization/project/src/benchmarks_cap_json/r107_cap.json,0.1,42,"('insert', 'relocate', 'swap', '2opt')",3,100.0,0.95,400
481.0,1042.8,20.523396015167236,43564,56,1102.0,592.0,0.0014879703521728516,100.0,0.99,200,/home/thijs-alens/Documents/manama/applied-AI_academic-perspectives/combinatorial-optimization/project/src/benchmarks_cap_json/r107_cap.json,0.1,42,"('insert', 'relocate', 'swap', '2opt')",3,100.0,0.99,200
481.0,1041.67,40.55411767959595,89045,56,1102.0,603.3,0.0014586448669433594,100.0,0.99,400,/home/thijs-alens/Documents/manama/applied-AI_academic-perspectives/combinatorial-optimization/project/src/benchmarks_cap_json/r107_cap.json,0.1,42,"('insert', 'relocate', 'swap', '2opt')",3,100.0,0.99,400
491.75,496.01,0.5929379463195801,341,25,560.0,639.9,0.0005304813385009766,20.0,0.8,200,/home/thijs-alens/Documents/manama/applied-AI_academic-perspectives/combinatorial-optimization/project/src/benchmarks_cap_json/50_c105_cap.json,0.1,42,"('insert', 'relocate', 'swap', '2opt')",3,20.0,0.8,200
491.75,488.65,0.9895510673522949,469,25,550.0,582.5,0.0005159378051757812,20.0,0.8,400,/home/thijs-alens/Documents/manama/applied-AI_academic-perspectives/combinatorial-optimization/project/src/benchmarks_cap_json/50_c105_cap.json,0.1,42,"('insert', 'relocate', 'swap', '2opt')",3,20.0,0.8,400
491.75,488.65,1.0059294700622559,493,25,550.0,582.5,0.0004994869232177734,20.0,0.9,200,/home/thijs-alens/Documents/manama/applied-AI_academic-perspectives/combinatorial-optimization/project/src/benchmarks_cap_json/50_c105_cap.json,0.1,42,"('insert', 'relocate', 'swap', '2opt')",3,20.0,0.9,200
491.75,488.65,1.816063404083252,959,25,550.0,582.5,0.0004734992980957031,20.0,0.9,400,/home/thijs-alens/Documents/manama/applied-AI_academic-perspectives/combinatorial-optimization/project/src/benchmarks_cap_json/50_c105_cap.json,0.1,42,"('insert', 'relocate', 'swap', '2opt')",3,20.0,0.9,400
491.75,488.65,1.7680411338806152,997,25,550.0,582.5,0.0004620552062988281,20.0,0.95,200,/home/thijs-alens/Documents/manama/applied-AI_academic-perspectives/combinatorial-optimization/project/src/benchmarks_cap_json/50_c105_cap.json,0.1,42,"('insert', 'relocate', 'swap', '2opt')",3,20.0,0.95,200
491.75,491.58,5.588574171066284,1375,25,550.0,582.5,0.0005064010620117188,20.0,0.95,400,/home/thijs-alens/Documents/manama/applied-AI_academic-perspectives/combinatorial-optimization/project/src/benchmarks_cap_json/50_c105_cap.json,0.1,42,"('insert', 'relocate', 'swap', '2opt')",3,20.0,0.95,400
491.75,496.37,13.885069370269775,3284,25,560.0,636.3,0.0004868507385253906,20.0,0.99,200,/home/thijs-alens/Documents/manama/applied-AI_academic-perspectives/combinatorial-optimization/project/src/benchmarks_cap_json/50_c105_cap.json,0.1,42,"('insert', 'relocate', 'swap', '2opt')",3,20.0,0.99,200
491.75,496.37,28.377086639404297,6256,25,560.0,636.3,0.0005083084106445312,20.0,0.99,400,/home/thijs-alens/Documents/manama/applied-AI_academic-perspectives/combinatorial-optimization/project/src/benchmarks_cap_json/50_c105_cap.json,0.1,42,"('insert', 'relocate', 'swap', '2opt')",3,20.0,0.99,400
491.75,488.65,0.49515652656555176,385,25,550.0,582.5,0.00045609474182128906,50.0,0.8,200,/home/thijs-alens/Documents/manama/applied-AI_academic-perspectives/combinatorial-optimization/project/src/benchmarks_cap_json/50_c105_cap.json,0.1,42,"('insert', 'relocate', 'swap', '2opt')",3,50.0,0.8,200
491.75,496.59000000000003,1.38228440284729,615,25,560.0,634.0999999999999,0.0004684925079345703,50.0,0.8,400,/home/thijs-alens/Documents/manama/applied-AI_academic-perspectives/combinatorial-optimization/project/src/benchmarks_cap_json/50_c105_cap.json,0.1,42,"('insert', 'relocate', 'swap', '2opt')",3,50.0,0.8,400
491.75,488.69,1.434880018234253,611,25,550.0,582.5,0.0005075931549072266,50.0,0.9,200,/home/thijs-alens/Documents/manama/applied-AI_academic-perspectives/combinatorial-optimization/project/src/benchmarks_cap_json/50_c105_cap.json,0.1,42,"('insert', 'relocate', 'swap', '2opt')",3,50.0,0.9,200
491.75,506.97,2.983654260635376,1046,26,570.0,630.3,0.0005056858062744141,50.0,0.9,400,/home/thijs-alens/Documents/manama/applied-AI_academic-perspectives/combinatorial-optimization/project/src/benchmarks_cap_json/50_c105_cap.json,0.1,42,"('insert', 'relocate', 'swap', '2opt')",3,50.0,0.9,400
491.75,506.97,3.0456364154815674,1055,26,570.0,630.3,0.0005083084106445312,50.0,0.95,200,/home/thijs-alens/Documents/manama/applied-AI_academic-perspectives/combinatorial-optimization/project/src/benchmarks_cap_json/50_c105_cap.json,0.1,42,"('insert', 'relocate', 'swap', '2opt')",3,50.0,0.95,200
491.75,506.97,6.380082845687866,2074,26,570.0,630.3,0.00048089027404785156,50.0,0.95,400,/home/thijs-alens/Documents/manama/applied-AI_academic-perspectives/combinatorial-optimization/project/src/benchmarks_cap_json/50_c105_cap.json,0.1,42,"('insert', 'relocate', 'swap', '2opt')",3,50.0,0.95,400
491.75,506.97,16.244548320770264,5360,26,570.0,630.3,0.00046825408935546875,50.0,0.99,200,/home/thijs-alens/Documents/manama/applied-AI_academic-perspectives/combinatorial-optimization/project/src/benchmarks_cap_json/50_c105_cap.json,0.1,42,"('insert', 'relocate', 'swap', '2opt')",3,50.0,0.99,200
491.75,506.97,31.767985343933105,10568,26,570.0,630.3,0.00046062469482421875,50.0,0.99,400,/home/thijs-alens/Documents/manama/applied-AI_academic-perspectives/combinatorial-optimization/project/src/benchmarks_cap_json/50_c105_cap.json,0.1,42,"('insert', 'relocate', 'swap', '2opt')",3,50.0,0.99,400
491.75,508.62,0.7763478755950928,525,26,580.0,713.8,0.0004754066467285156,100.0,0.8,200,/home/thijs-alens/Documents/manama/applied-AI_academic-perspectives/combinatorial-optimization/project/src/benchmarks_cap_json/50_c105_cap.json,0.1,42,"('insert', 'relocate', 'swap', '2opt')",3,100.0,0.8,200
491.75,506.97,1.568950891494751,649,26,570.0,630.3,0.00048232078552246094,100.0,0.8,400,/home/thijs-alens/Documents/manama/applied-AI_academic-perspectives/combinatorial-optimization/project/src/benchmarks_cap_json/50_c105_cap.json,0.1,42,"('insert', 'relocate', 'swap', '2opt')",3,100.0,0.8,400
491.75,506.97,1.6384570598602295,672,26,570.0,630.3,0.0005054473876953125,100.0,0.9,200,/home/thijs-alens/Documents/manama/applied-AI_academic-perspectives/combinatorial-optimization/project/src/benchmarks_cap_json/50_c105_cap.json,0.1,42,"('insert', 'relocate', 'swap', '2opt')",3,100.0,0.9,200
491.75,511.59,3.291548013687134,1326,26,580.0,684.1,0.0004646778106689453,100.0,0.9,400,/home/thijs-alens/Documents/manama/applied-AI_academic-perspectives/combinatorial-optimization/project/src/benchmarks_cap_json/50_c105_cap.json,0.1,42,"('insert', 'relocate', 'swap', '2opt')",3,100.0,0.9,400
491.75,511.59,3.35115122795105,1277,26,580.0,684.1,0.0004658699035644531,100.0,0.95,200,/home/thijs-alens/Documents/manama/applied-AI_academic-perspectives/combinatorial-optimization/project/src/benchmarks_cap_json/50_c105_cap.json,0.1,42,"('insert', 'relocate', 'swap', '2opt')",3,100.0,0.95,200
491.75,501.12,6.241797924041748,3284,25,560.0,588.8,0.0004818439483642578,100.0,0.95,400,/home/thijs-alens/Documents/manama/applied-AI_academic-perspectives/combinatorial-optimization/project/src/benchmarks_cap_json/50_c105_cap.json,0.1,42,"('insert', 'relocate', 'swap', '2opt')",3,100.0,0.95,400
491.75,501.12,15.758850812911987,8252,25,560.0,588.8,0.0005338191986083984,100.0,0.99,200,/home/thijs-alens/Documents/manama/applied-AI_academic-perspectives/combinatorial-optimization/project/src/benchmarks_cap_json/50_c105_cap.json,0.1,42,"('insert', 'relocate', 'swap', '2opt')",3,100.0,0.99,200
491.75,501.12,32.32224130630493,16722,25,560.0,588.8,0.0005128383636474609,100.0,0.99,400,/home/thijs-alens/Documents/manama/applied-AI_academic-perspectives/combinatorial-optimization/project/src/benchmarks_cap_json/50_c105_cap.json,0.1,42,"('insert', 'relocate', 'swap', '2opt')",3,100.0,0.99,400
409.15,601.46,0.7030611038208008,1375,35,669.0,675.4,0.0009951591491699219,20.0,0.8,200,/home/thijs-alens/Documents/manama/applied-AI_academic-perspectives/combinatorial-optimization/project/src/benchmarks_cap_json/50_r112_cap.json,0.1,42,"('insert', 'relocate', 'swap', '2opt')",3,20.0,0.8,200
409.15,640.08,1.3231685161590576,3378,36,708.0,679.2,0.0005714893341064453,20.0,0.8,400,/home/thijs-alens/Documents/manama/applied-AI_academic-perspectives/combinatorial-optimization/project/src/benchmarks_cap_json/50_r112_cap.json,0.1,42,"('insert', 'relocate', 'swap', '2opt')",3,20.0,0.8,400
409.15,683.89,1.3391590118408203,3309,37,750.0,651.5,0.0005495548248291016,20.0,0.9,200,/home/thijs-alens/Documents/manama/applied-AI_academic-perspectives/combinatorial-optimization/project/src/benchmarks_cap_json/50_r112_cap.json,0.1,42,"('insert', 'relocate', 'swap', '2opt')",3,20.0,0.9,200
409.15,670.07,2.7671902179718018,7366,38,744.0,739.3,0.0006201267242431641,20.0,0.9,400,/home/thijs-alens/Documents/manama/applied-AI_academic-perspectives/combinatorial-optimization/project/src/benchmarks_cap_json/50_r112_cap.json,0.1,42,"('insert', 'relocate', 'swap', '2opt')",3,20.0,0.9,400
409.15,648.89,2.833871841430664,6482,36,719.0,701.1,0.0006117820739746094,20.0,0.95,200,/home/thijs-alens/Documents/manama/applied-AI_academic-perspectives/combinatorial-optimization/project/src/benchmarks_cap_json/50_r112_cap.json,0.1,42,"('insert', 'relocate', 'swap', '2opt')",3,20.0,0.95,200
409.15,664.53,5.4451117515563965,14408,37,727.0,624.7,0.0006003379821777344,20.0,0.95,400,/home/thijs-alens/Documents/manama/applied-AI_academic-perspectives/combinatorial-optimization/project/src/benchmarks_cap_json/50_r112_cap.json,0.1,42,"('insert', 'relocate', 'swap', '2opt')",3,20.0,0.95,400
409.15,666.19,13.83702301979065,41836,37,727.0,608.1,0.0005438327789306641,20.0,0.99,200,/home/thijs-alens/Documents/manama/applied-AI_academic-perspectives/combinatorial-optimization/project/src/benchmarks_cap_json/50_r112_cap.json,0.1,42,"('insert', 'relocate', 'swap', '2opt')",3,20.0,0.99,200
409.15,664.96,27.772740840911865,78461,37,727.0,620.4,0.0007297992706298828,20.0,0.99,400,/home/thijs-alens/Documents/manama/applied-AI_academic-perspectives/combinatorial-optimization/project/src/benchmarks_cap_json/50_r112_cap.json,0.1,42,"('insert', 'relocate', 'swap', '2opt')",3,20.0,0.99,400
409.15,606.85,0.7027297019958496,2028,35,678.0,711.5,0.0006022453308105469,50.0,0.8,200,/home/thijs-alens/Documents/manama/applied-AI_academic-perspectives/combinatorial-optimization/project/src/benchmarks_cap_json/50_r112_cap.json,0.1,42,"('insert', 'relocate', 'swap', '2opt')",3,50.0,0.8,200
409.15,614.24,1.3576033115386963,4792,35,678.0,637.5999999999999,0.0006322860717773438,50.0,0.8,400,/home/thijs-alens/Documents/manama/applied-AI_academic-perspectives/combinatorial-optimization/project/src/benchmarks_cap_json/50_r112_cap.json,0.1,42,"('insert', 'relocate', 'swap', '2opt')",3,50.0,0.8,400
409.15,612.98,1.4205243587493896,4840,35,678.0,649.5,0.0006096363067626953,50.0,0.9,200,/home/thijs-alens/Documents/manama/applied-AI_academic-perspectives/combinatorial-optimization/project/src/benchmarks_cap_json/50_r112_cap.json,0.1,42,"('insert', 'relocate', 'swap', '2opt')",3,50.0,0.9,200
409.15,609.22,2.9803900718688965,9140,35,678.0,687.8,0.0006546974182128906,50.0,0.9,400,/home/thijs-alens/Documents/manama/applied-AI_academic-perspectives/combinatorial-optimization/project/src/benchmarks_cap_json/50_r112_cap.json,0.1,42,"('insert', 'relocate', 'swap', '2opt')",3,50.0,0.9,400
409.15,614.68,2.956650495529175,9822,35,678.0,629.6,0.0005888938903808594,50.0,0.95,200,/home/thijs-alens/Documents/manama/applied-AI_academic-perspectives/combinatorial-optimization/project/src/benchmarks_cap_json/50_r112_cap.json,0.1,42,"('insert', 'relocate', 'swap', '2opt')",3,50.0,0.95,200
409.15,609.56,6.0775697231292725,15856,35,678.0,678.5,0.0005745887756347656,50.0,0.95,400,/home/thijs-alens/Documents/manama/applied-AI_academic-perspectives/combinatorial-optimization/project/src/benchmarks_cap_json/50_r112_cap.json,0.1,42,"('insert', 'relocate', 'swap', '2opt')",3,50.0,0.95,400
409.15,615.0,15.001368284225464,50426,35,678.0,628.6,0.0005800724029541016,50.0,0.99,200,/home/thijs-alens/Documents/manama/applied-AI_academic-perspectives/combinatorial-optimization/project/src/benchmarks_cap_json/50_r112_cap.json,0.1,42,"('insert', 'relocate', 'swap', '2opt')",3,50.0,0.99,200
409.15,615.56,30.372591257095337,90169,35,678.0,617.5,0.0005750656127929688,50.0,0.99,400,/home/thijs-alens/Documents/manama/applied-AI_academic-perspectives/combinatorial-optimization/project/src/benchmarks_cap_json/50_r112_cap.json,0.1,42,"('insert', 'relocate', 'swap', '2opt')",3,50.0,0.99,400
409.15,664.74,0.7561056613922119,2381,36,728.0,632.2,0.00060272216796875,100.0,0.8,200,/home/thijs-alens/Documents/manama/applied-AI_academic-perspectives/combinatorial-optimization/project/src/benchmarks_cap_json/50_r112_cap.json,0.1,42,"('insert', 'relocate', 'swap', '2opt')",3,100.0,0.8,200
409.15,661.95,1.5383386611938477,4815,36,728.0,660.5,0.0005762577056884766,100.0,0.8,400,/home/thijs-alens/Documents/manama/applied-AI_academic-perspectives/combinatorial-optimization/project/src/benchmarks_cap_json/50_r112_cap.json,0.1,42,"('insert', 'relocate', 'swap', '2opt')",3,100.0,0.8,400
409.15,667.19,1.5723910331726074,4979,36,728.0,608.1,0.0005548000335693359,100.0,0.9,200,/home/thijs-alens/Documents/manama/applied-AI_academic-perspectives/combinatorial-optimization/project/src/benchmarks_cap_json/50_r112_cap.json,0.1,42,"('insert', 'relocate', 'swap', '2opt')",3,100.0,0.9,200
409.15,667.5,3.1046364307403564,9857,36,728.0,605.0,0.0006060600280761719,100.0,0.9,400,/home/thijs-alens/Documents/manama/applied-AI_academic-perspectives/combinatorial-optimization/project/src/benchmarks_cap_json/50_r112_cap.json,0.1,42,"('insert', 'relocate', 'swap', '2opt')",3,100.0,0.9,400
409.15,667.5,3.149400234222412,10496,36,728.0,605.0,0.000591278076171875,100.0,0.95,200,/home/thijs-alens/Documents/manama/applied-AI_academic-perspectives/combinatorial-optimization/project/src/benchmarks_cap_json/50_r112_cap.json,0.1,42,"('insert', 'relocate', 'swap', '2opt')",3,100.0,0.95,200
409.15,665.79,6.4960105419158936,19783,36,728.0,622.1,0.0006015300750732422,100.0,0.95,400,/home/thijs-alens/Documents/manama/applied-AI_academic-perspectives/combinatorial-optimization/project/src/benchmarks_cap_json/50_r112_cap.json,0.1,42,"('insert', 'relocate', 'swap', '2opt')",3,100.0,0.95,400
409.15,667.69,16.43648099899292,46465,36,728.0,603.1,0.0005812644958496094,100.0,0.99,200,/home/thijs-alens/Documents/manama/applied-AI_academic-perspectives/combinatorial-optimization/project/src/benchmarks_cap_json/50_r112_cap.json,0.1,42,"('insert', 'relocate', 'swap', '2opt')",3,100.0,0.99,200
409.15,667.5,33.19596791267395,96030,36,728.0,603.1,0.0005557537078857422,100.0,0.99,400,/home/thijs-alens/Documents/manama/applied-AI_academic-perspectives/combinatorial-optimization/project/src/benchmarks_cap_json/50_r112_cap.json,0.1,42,"('insert', 'relocate', 'swap', '2opt')",3,100.0,0.99,400
525.78,624.52,0.7511515617370605,740,34,700.0,754.8,0.0005943775177001953,20.0,0.8,200,/home/thijs-alens/Documents/manama/applied-AI_academic-perspectives/combinatorial-optimization/project/src/benchmarks_cap_json/50_c107_cap.json,0.1,42,"('insert', 'relocate', 'swap', '2opt')",3,20.0,0.8,200
525.78,686.52,1.5164132118225098,1069,35,760.0,734.8,0.0005338191986083984,20.0,0.8,400,/home/thijs-alens/Documents/manama/applied-AI_academic-perspectives/combinatorial-optimization/project/src/benchmarks_cap_json/50_c107_cap.json,0.1,42,"('insert', 'relocate', 'swap', '2opt')",3,20.0,0.8,400
525.78,682.77,1.4973104000091553,1166,35,760.0,768.8,0.0005800724029541016,20.0,0.9,200,/home/thijs-alens/Documents/manama/applied-AI_academic-perspectives/combinatorial-optimization/project/src/benchmarks_cap_json/50_c107_cap.json,0.1,42,"('insert', 'relocate', 'swap', '2opt')",3,20.0,0.9,200
525.78,653.3,3.0064356327056885,3416,35,740.0,819.3,0.0005457401275634766,20.0,0.9,400,/home/thijs-alens/Documents/manama/applied-AI_academic-perspectives/combinatorial-optimization/project/src/benchmarks_cap_json/50_c107_cap.json,0.1,42,"('insert', 'relocate', 'swap', '2opt')",3,20.0,0.9,400
525.78,658.0699999999999,3.141061544418335,3306,35,740.0,819.3,0.0005567073822021484,20.0,0.95,200,/home/thijs-alens/Documents/manama/applied-AI_academic-perspectives/combinatorial-optimization/project/src/benchmarks_cap_json/50_c107_cap.json,0.1,42,"('insert', 'relocate', 'swap', '2opt')",3,20.0,0.95,200
525.78,702.3199999999999,6.142862319946289,4470,35,780.0,759.8,0.000579833984375,20.0,0.95,400,/home/thijs-alens/Documents/manama/applied-AI_academic-perspectives/combinatorial-optimization/project/src/benchmarks_cap_json/50_c107_cap.json,0.1,42,"('insert', 'relocate', 'swap', '2opt')",3,20.0,0.95,400
525.78,670.95,15.122101306915283,10487,35,750.0,790.5,0.0005528926849365234,20.0,0.99,200,/home/thijs-alens/Documents/manama/applied-AI_academic-perspectives/combinatorial-optimization/project/src/benchmarks_cap_json/50_c107_cap.json,0.1,42,"('insert', 'relocate', 'swap', '2opt')",3,20.0,0.99,200
525.78,674.3,30.11910057067871,17227,35,750.0,757.0,0.0005612373352050781,20.0,0.99,400,/home/thijs-alens/Documents/manama/applied-AI_academic-perspectives/combinatorial-optimization/project/src/benchmarks_cap_json/50_c107_cap.json,0.1,42,"('insert', 'relocate', 'swap', '2opt')",3,20.0,0.99,400
525.78,592.9,0.7468714714050293,603,33,670.0,771.0,0.0005755424499511719,50.0,0.8,200,/home/thijs-alens/Documents/manama/applied-AI_academic-perspectives/combinatorial-optimization/project/src/benchmarks_cap_json/50_c107_cap.json,0.1,42,"('insert', 'relocate', 'swap', '2opt')",3,50.0,0.8,200
525.78,599.16,1.5442776679992676,1294,33,670.0,708.4,0.0005390644073486328,50.0,0.8,400,/home/thijs-alens/Documents/manama/applied-AI_academic-perspectives/combinatorial-optimization/project/src/benchmarks_cap_json/50_c107_cap.json,0.1,42,"('insert', 'relocate', 'swap', '2opt')",3,50.0,0.8,400
525.78,606.25,1.6456317901611328,1012,33,680.0,737.5,0.0005269050598144531,50.0,0.9,200,/home/thijs-alens/Documents/manama/applied-AI_academic-perspectives/combinatorial-optimization/project/src/benchmarks_cap_json/50_c107_cap.json,0.1,42,"('insert', 'relocate', 'swap', '2opt')",3,50.0,0.9,200
525.78,598.66,3.1880881786346436,2691,33,670.0,701.5,0.0005342960357666016,50.0,0.9,400,/home/thijs-alens/Documents/manama/applied-AI_academic-perspectives/combinatorial-optimization/project/src/benchmarks_cap_json/50_c107_cap.json,0.1,42,"('insert', 'relocate', 'swap', '2opt')",3,50.0,0.9,400
525.78,598.16,3.24605131149292,2819,33,670.0,718.4,0.0005285739898681641,50.0,0.95,200,/home/thijs-alens/Documents/manama/applied-AI_academic-perspectives/combinatorial-optimization/project/src/benchmarks_cap_json/50_c107_cap.json,0.1,42,"('insert', 'relocate', 'swap', '2opt')",3,50.0,0.95,200
525.78,600.16,6.473984479904175,5339,33,670.0,698.4,0.0005445480346679688,50.0,0.95,400,/home/thijs-alens/Documents/manama/applied-AI_academic-perspectives/combinatorial-optimization/project/src/benchmarks_cap_json/50_c107_cap.json,0.1,42,"('insert', 'relocate', 'swap', '2opt')",3,50.0,0.95,400
525.78,604.96,16.8166286945343,13465,33,670.0,650.4,0.0005373954772949219,50.0,0.99,200,/home/thijs-alens/Documents/manama/applied-AI_academic-perspectives/combinatorial-optimization/project/src/benchmarks_cap_json/50_c107_cap.json,0.1,42,"('insert', 'relocate', 'swap', '2opt')",3,50.0,0.99,200
525.78,604.96,33.05613470077515,26585,33,670.0,650.4,0.0005326271057128906,50.0,0.99,400,/home/thijs-alens/Documents/manama/applied-AI_academic-perspectives/combinatorial-optimization/project/src/benchmarks_cap_json/50_c107_cap.json,0.1,42,"('insert', 'relocate', 'swap', '2opt')",3,50.0,0.99,400
525.78,592.63,0.814932107925415,749,33,670.0,760.4,0.0005745887756347656,100.0,0.8,200,/home/thijs-alens/Documents/manama/applied-AI_academic-perspectives/combinatorial-optimization/project/src/benchmarks_cap_json/50_c107_cap.json,0.1,42,"('insert', 'relocate', 'swap', '2opt')",3,100.0,0.8,200
525.78,600.0,1.611518383026123,1515,33,670.0,700.0,0.0005817413330078125,100.0,0.8,400,/home/thijs-alens/Documents/manama/applied-AI_academic-perspectives/combinatorial-optimization/project/src/benchmarks_cap_json/50_c107_cap.json,0.1,42,"('insert', 'relocate', 'swap', '2opt')",3,100.0,0.8,400
525.78,591.27,1.7399470806121826,1753,33,670.0,748.6999999999999,0.0005500316619873047,100.0,0.9,200,/home/thijs-alens/Documents/manama/applied-AI_academic-perspectives/combinatorial-optimization/project/src/benchmarks_cap_json/50_c107_cap.json,0.1,42,"('insert', 'relocate', 'swap', '2opt')",3,100.0,0.9,200
525.78,631.28,3.468073606491089,2824,33,700.0,687.2,0.0005383491516113281,100.0,0.9,400,/home/thijs-alens/Documents/manama/applied-AI_academic-perspectives/combinatorial-optimization/project/src/benchmarks_cap_json/50_c107_cap.json,0.1,42,"('insert', 'relocate', 'swap', '2opt')",3,100.0,0.9,400
525.78,626.92,3.5882840156555176,3056,33,700.0,730.8,0.0010225772857666016,100.0,0.95,200,/home/thijs-alens/Documents/manama/applied-AI_academic-perspectives/combinatorial-optimization/project/src/benchmarks_cap_json/50_c107_cap.json,0.1,42,"('insert', 'relocate', 'swap', '2opt')",3,100.0,0.95,200
525.78,628.46,7.179365873336792,4887,33,700.0,715.4,0.0005600452423095703,100.0,0.95,400,/home/thijs-alens/Documents/manama/applied-AI_academic-perspectives/combinatorial-optimization/project/src/benchmarks_cap_json/50_c107_cap.json,0.1,42,"('insert', 'relocate', 'swap', '2opt')",3,100.0,0.95,400
525.78,627.4,17.938942432403564,15586,33,700.0,699.0,0.0005507469177246094,100.0,0.99,200,/home/thijs-alens/Documents/manama/applied-AI_academic-perspectives/combinatorial-optimization/project/src/benchmarks_cap_json/50_c107_cap.json,0.1,42,"('insert', 'relocate', 'swap', '2opt')",3,100.0,0.99,200
525.78,626.0,36.13782358169556,26838,33,700.0,722.4,0.0005435943603515625,100.0,0.99,400,/home/thijs-alens/Documents/manama/applied-AI_academic-perspectives/combinatorial-optimization/project/src/benchmarks_cap_json/50_c107_cap.json,0.1,42,"('insert', 'relocate', 'swap', '2opt')",3,100.0,0.99,400
381.9,783.5,0.7950854301452637,1022,47,860.0,765.0,0.0013837814331054688,20.0,0.8,200,/home/thijs-alens/Documents/manama/applied-AI_academic-perspectives/combinatorial-optimization/project/src/benchmarks_cap_json/r105_cap.json,0.1,42,"('insert', 'relocate', 'swap', '2opt')",3,20.0,0.8,200
381.9,783.5,1.5714318752288818,1924,47,860.0,765.0,0.0015108585357666016,20.0,0.8,400,/home/thijs-alens/Documents/manama/applied-AI_academic-perspectives/combinatorial-optimization/project/src/benchmarks_cap_json/r105_cap.json,0.1,42,"('insert', 'relocate', 'swap', '2opt')",3,20.0,0.8,400
381.9,783.5,1.664372205734253,2010,47,860.0,765.0,0.0014789104461669922,20.0,0.9,200,/home/thijs-alens/Documents/manama/applied-AI_academic-perspectives/combinatorial-optimization/project/src/benchmarks_cap_json/r105_cap.json,0.1,42,"('insert', 'relocate', 'swap', '2opt')",3,20.0,0.9,200
381.9,745.27,3.274911642074585,4240,45,822.0,767.3,0.0014438629150390625,20.0,0.9,400,/home/thijs-alens/Documents/manama/applied-AI_academic-perspectives/combinatorial-optimization/project/src/benchmarks_cap_json/r105_cap.json,0.1,42,"('insert', 'relocate', 'swap', '2opt')",3,20.0,0.9,400
381.9,745.27,3.347466468811035,4325,45,822.0,767.3,0.0014510154724121094,20.0,0.95,200,/home/thijs-alens/Documents/manama/applied-AI_academic-perspectives/combinatorial-optimization/project/src/benchmarks_cap_json/r105_cap.json,0.1,42,"('insert', 'relocate', 'swap', '2opt')",3,20.0,0.95,200
381.9,753.18,6.486671686172485,11578,44,831.0,778.2,0.001383066177368164,20.0,0.95,400,/home/thijs-alens/Documents/manama/applied-AI_academic-perspectives/combinatorial-optimization/project/src/benchmarks_cap_json/r105_cap.json,0.1,42,"('insert', 'relocate', 'swap', '2opt')",3,20.0,0.95,400
381.9,753.18,16.438368797302246,30049,44,831.0,778.2,0.0014414787292480469,20.0,0.99,200,/home/thijs-alens/Documents/manama/applied-AI_academic-perspectives/combinatorial-optimization/project/src/benchmarks_cap_json/r105_cap.json,0.1,42,"('insert', 'relocate', 'swap', '2opt')",3,20.0,0.99,200
381.9,753.18,32.970725774765015,60461,44,831.0,778.2,0.001447916030883789,20.0,0.99,400,/home/thijs-alens/Documents/manama/applied-AI_academic-perspectives/combinatorial-optimization/project/src/benchmarks_cap_json/r105_cap.json,0.1,42,"('insert', 'relocate', 'swap', '2opt')",3,20.0,0.99,400
381.9,734.07,0.8460016250610352,1161,44,810.0,759.3,0.0014317035675048828,50.0,0.8,200,/home/thijs-alens/Documents/manama/applied-AI_academic-perspectives/combinatorial-optimization/project/src/benchmarks_cap_json/r105_cap.json,0.1,42,"('insert', 'relocate', 'swap', '2opt')",3,50.0,0.8,200
381.9,756.69,1.7077627182006836,2232,45,834.0,773.1,0.00142669677734375,50.0,0.8,400,/home/thijs-alens/Documents/manama/applied-AI_academic-perspectives/combinatorial-optimization/project/src/benchmarks_cap_json/r105_cap.json,0.1,42,"('insert', 'relocate', 'swap', '2opt')",3,50.0,0.8,400
381.9,756.69,1.806894063949585,2321,45,834.0,773.1,0.0014290809631347656,50.0,0.9,200,/home/thijs-alens/Documents/manama/applied-AI_academic-perspectives/combinatorial-optimization/project/src/benchmarks_cap_json/r105_cap.json,0.1,42,"('insert', 'relocate', 'swap', '2opt')",3,50.0,0.9,200
381.9,753.18,3.550351142883301,6175,44,831.0,778.2,0.0015523433685302734,50.0,0.9,400,/home/thijs-alens/Documents/manama/applied-AI_academic-perspectives/combinatorial-optimization/project/src/benchmarks_cap_json/r105_cap.json,0.1,42,"('insert', 'relocate', 'swap', '2opt')",3,50.0,0.9,400
381.9,753.18,3.631294012069702,6372,44,831.0,778.2,0.0015368461608886719,50.0,0.95,200,/home/thijs-alens/Documents/manama/applied-AI_academic-perspectives/combinatorial-optimization/project/src/benchmarks_cap_json/r105_cap.json,0.1,42,"('insert', 'relocate', 'swap', '2opt')",3,50.0,0.95,200
381.9,753.18,7.308026313781738,13034,44,831.0,778.2,0.0014450550079345703,50.0,0.95,400,/home/thijs-alens/Documents/manama/applied-AI_academic-perspectives/combinatorial-optimization/project/src/benchmarks_cap_json/r105_cap.json,0.1,42,"('insert', 'relocate', 'swap', '2opt')",3,50.0,0.95,400
381.9,753.18,18.312745571136475,33836,44,831.0,778.2,0.0014429092407226562,50.0,0.99,200,/home/thijs-alens/Documents/manama/applied-AI_academic-perspectives/combinatorial-optimization/project/src/benchmarks_cap_json/r105_cap.json,0.1,42,"('insert', 'relocate', 'swap', '2opt')",3,50.0,0.99,200
381.9,753.18,36.57947611808777,67796,44,831.0,778.2,0.0015716552734375,50.0,0.99,400,/home/thijs-alens/Documents/manama/applied-AI_academic-perspectives/combinatorial-optimization/project/src/benchmarks_cap_json/r105_cap.json,0.1,42,"('insert', 'relocate', 'swap', '2opt')",3,50.0,0.99,400
381.9,734.07,0.9050376415252686,1222,44,810.0,759.3,0.0013551712036132812,100.0,0.8,200,/home/thijs-alens/Documents/manama/applied-AI_academic-perspectives/combinatorial-optimization/project/src/benchmarks_cap_json/r105_cap.json,0.1,42,"('insert', 'relocate', 'swap', '2opt')",3,100.0,0.8,200
381.9,790.28,1.8605144023895264,2644,46,866.0,757.2,0.0015130043029785156,100.0,0.8,400,/home/thijs-alens/Documents/manama/applied-AI_academic-perspectives/combinatorial-optimization/project/src/benchmarks_cap_json/r105_cap.json,0.1,42,"('insert', 'relocate', 'swap', '2opt')",3,100.0,0.8,400
381.9,791.42,1.9488465785980225,2490,47,867.0,755.8,0.0015990734100341797,100.0,0.9,200,/home/thijs-alens/Documents/manama/applied-AI_academic-perspectives/combinatorial-optimization/project/src/benchmarks_cap_json/r105_cap.json,0.1,42,"('insert', 'relocate', 'swap', '2opt')",3,100.0,0.9,200
381.9,753.18,3.8450675010681152,6757,44,831.0,778.2,0.001474618911743164,100.0,0.9,400,/home/thijs-alens/Documents/manama/applied-AI_academic-perspectives/combinatorial-optimization/project/src/benchmarks_cap_json/r105_cap.json,0.1,42,"('insert', 'relocate', 'swap', '2opt')",3,100.0,0.9,400
381.9,753.18,3.966477632522583,6921,44,831.0,778.2,0.0014281272888183594,100.0,0.95,200,/home/thijs-alens/Documents/manama/applied-AI_academic-perspectives/combinatorial-optimization/project/src/benchmarks_cap_json/r105_cap.json,0.1,42,"('insert', 'relocate', 'swap', '2opt')",3,100.0,0.95,200
381.9,785.57,7.96740198135376,11016,46,862.0,764.3,0.0014088153839111328,100.0,0.95,400,/home/thijs-alens/Documents/manama/applied-AI_academic-perspectives/combinatorial-optimization/project/src/benchmarks_cap_json/r105_cap.json,0.1,42,"('insert', 'relocate', 'swap', '2opt')",3,100.0,0.95,400
381.9,785.57,20.632094144821167,27793,46,862.0,764.3,0.0014274120330810547,100.0,0.99,200,/home/thijs-alens/Documents/manama/applied-AI_academic-perspectives/combinatorial-optimization/project/src/benchmarks_cap_json/r105_cap.json,0.1,42,"('insert', 'relocate', 'swap', '2opt')",3,100.0,0.99,200
381.9,785.57,40.76331949234009,55543,46,862.0,764.3,0.0013794898986816406,100.0,0.99,400,/home/thijs-alens/Documents/manama/applied-AI_academic-perspectives/combinatorial-optimization/project/src/benchmarks_cap_json/r105_cap.json,0.1,42,"('insert', 'relocate', 'swap', '2opt')",3,100.0,0.99,400
412.93,836.05,0.7833817005157471,1038,47,922.0,859.5,0.0014574527740478516,20.0,0.8,200,/home/thijs-alens/Documents/manama/applied-AI_academic-perspectives/combinatorial-optimization/project/src/benchmarks_cap_json/rc103_cap.json,0.1,42,"('insert', 'relocate', 'swap', '2opt')",3,20.0,0.8,200
412.93,839.14,1.5615813732147217,2198,48,923.0,838.6,0.0014181137084960938,20.0,0.8,400,/home/thijs-alens/Documents/manama/applied-AI_academic-perspectives/combinatorial-optimization/project/src/benchmarks_cap_json/rc103_cap.json,0.1,42,"('insert', 'relocate', 'swap', '2opt')",3,20.0,0.8,400
412.93,855.09,1.5830233097076416,2273,48,937.0,819.1,0.0014300346374511719,20.0,0.9,200,/home/thijs-alens/Documents/manama/applied-AI_academic-perspectives/combinatorial-optimization/project/src/benchmarks_cap_json/rc103_cap.json,0.1,42,"('insert', 'relocate', 'swap', '2opt')",3,20.0,0.9,200
412.93,866.85,3.236638069152832,3885,48,951.0,841.4,0.0014841556549072266,20.0,0.9,400,/home/thijs-alens/Documents/manama/applied-AI_academic-perspectives/combinatorial-optimization/project/src/benchmarks_cap_json/rc103_cap.json,0.1,42,"('insert', 'relocate', 'swap', '2opt')",3,20.0,0.9,400
412.93,862.81,3.2538444995880127,4067,48,943.0,801.9,0.0014772415161132812,20.0,0.95,200,/home/thijs-alens/Documents/manama/applied-AI_academic-perspectives/combinatorial-optimization/project/src/benchmarks_cap_json/rc103_cap.json,0.1,42,"('insert', 'relocate', 'swap', '2opt')",3,20.0,0.95,200
412.93,853.1800000000001,6.490376234054565,8216,48,932.0,788.1999999999999,0.0014247894287109375,20.0,0.95,400,/home/thijs-alens/Documents/manama/applied-AI_academic-perspectives/combinatorial-optimization/project/src/benchmarks_cap_json/rc103_cap.json,0.1,42,"('insert', 'relocate', 'swap', '2opt')",3,20.0,0.95,400
412.93,861.54,16.667518615722656,18594,48,943.0,814.6,0.001539468765258789,20.0,0.99,200,/home/thijs-alens/Documents/manama/applied-AI_academic-perspectives/combinatorial-optimization/project/src/benchmarks_cap_json/rc103_cap.json,0.1,42,"('insert', 'relocate', 'swap', '2opt')",3,20.0,0.99,200
412.93,872.9,33.093337297439575,46207,48,952.0,783.9,0.0013883113861083984,20.0,0.99,400,/home/thijs-alens/Documents/manama/applied-AI_academic-perspectives/combinatorial-optimization/project/src/benchmarks_cap_json/rc103_cap.json,0.1,42,"('insert', 'relocate', 'swap', '2opt')",3,20.0,0.99,400
412.93,858.0799999999999,0.8346381187438965,1422,47,937.0,789.2,0.0015079975128173828,50.0,0.8,200,/home/thijs-alens/Documents/manama/applied-AI_academic-perspectives/combinatorial-optimization/project/src/benchmarks_cap_json/rc103_cap.json,0.1,42,"('insert', 'relocate', 'swap', '2opt')",3,50.0,0.8,200
412.93,838.77,1.6998364925384521,2814,47,920.0,812.3,0.0014376640319824219,50.0,0.8,400,/home/thijs-alens/Documents/manama/applied-AI_academic-perspectives/combinatorial-optimization/project/src/benchmarks_cap_json/rc103_cap.json,0.1,42,"('insert', 'relocate', 'swap', '2opt')",3,50.0,0.8,400
412.93,837.5699999999999,1.7456669807434082,2919,47,920.0,824.3,0.001596212387084961,50.0,0.9,200,/home/thijs-alens/Documents/manama/applied-AI_academic-perspectives/combinatorial-optimization/project/src/benchmarks_cap_json/rc103_cap.json,0.1,42,"('insert', 'relocate', 'swap', '2opt')",3,50.0,0.9,200
412.93,844.93,3.4997780323028564,4900,46,926.0,810.7,0.0013895034790039062,50.0,0.9,400,/home/thijs-alens/Documents/manama/applied-AI_academic-perspectives/combinatorial-optimization/project/src/benchmarks_cap_json/rc103_cap.json,0.1,42,"('insert', 'relocate', 'swap', '2opt')",3,50.0,0.9,400
412.93,844.79,3.626457929611206,4864,46,926.0,812.1,0.001491546630859375,50.0,0.95,200,/home/thijs-alens/Documents/manama/applied-AI_academic-perspectives/combinatorial-optimization/project/src/benchmarks_cap_json/rc103_cap.json,0.1,42,"('insert', 'relocate', 'swap', '2opt')",3,50.0,0.95,200
412.93,844.38,7.109939813613892,10652,46,926.0,816.2,0.0013649463653564453,50.0,0.95,400,/home/thijs-alens/Documents/manama/applied-AI_academic-perspectives/combinatorial-optimization/project/src/benchmarks_cap_json/rc103_cap.json,0.1,42,"('insert', 'relocate', 'swap', '2opt')",3,50.0,0.95,400
412.93,844.94,18.181447744369507,24793,46,926.0,809.8000000000001,0.0015192031860351562,50.0,0.99,200,/home/thijs-alens/Documents/manama/applied-AI_academic-perspectives/combinatorial-optimization/project/src/benchmarks_cap_json/rc103_cap.json,0.1,42,"('insert', 'relocate', 'swap', '2opt')",3,50.0,0.99,200
412.93,845.68,36.79067850112915,47494,46,926.0,803.2,0.0013744831085205078,50.0,0.99,400,/home/thijs-alens/Documents/manama/applied-AI_academic-perspectives/combinatorial-optimization/project/src/benchmarks_cap_json/rc103_cap.json,0.1,42,"('insert', 'relocate', 'swap', '2opt')",3,50.0,0.99,400
412.93,854.29,0.9249732494354248,1470,47,937.0,827.1,0.0015265941619873047,100.0,0.8,200,/home/thijs-alens/Documents/manama/applied-AI_academic-perspectives/combinatorial-optimization/project/src/benchmarks_cap_json/rc103_cap.json,0.1,42,"('insert', 'relocate', 'swap', '2opt')",3,100.0,0.8,200
412.93,845.68,1.8273224830627441,2652,46,926.0,803.2,0.0014328956604003906,100.0,0.8,400,/home/thijs-alens/Documents/manama/applied-AI_academic-perspectives/combinatorial-optimization/project/src/benchmarks_cap_json/rc103_cap.json,0.1,42,"('insert', 'relocate', 'swap', '2opt')",3,100.0,0.8,400
412.93,845.04,1.9218392372131348,2865,46,926.0,809.6,0.0018200874328613281,100.0,0.9,200,/home/thijs-alens/Documents/manama/applied-AI_academic-perspectives/combinatorial-optimization/project/src/benchmarks_cap_json/rc103_cap.json,0.1,42,"('insert', 'relocate', 'swap', '2opt')",3,100.0,0.9,200
412.93,844.93,3.809279441833496,5429,46,926.0,810.7,0.001413583755493164,100.0,0.9,400,/home/thijs-alens/Documents/manama/applied-AI_academic-perspectives/combinatorial-optimization/project/src/benchmarks_cap_json/rc103_cap.json,0.1,42,"('insert', 'relocate', 'swap', '2opt')",3,100.0,0.9,400
412.93,844.74,3.8473782539367676,5365,46,926.0,811.8000000000001,0.0014414787292480469,100.0,0.95,200,/home/thijs-alens/Documents/manama/applied-AI_academic-perspectives/combinatorial-optimization/project/src/benchmarks_cap_json/rc103_cap.json,0.1,42,"('insert', 'relocate', 'swap', '2opt')",3,100.0,0.95,200
412.93,844.94,7.769867658615112,10822,46,926.0,810.6,0.0014617443084716797,100.0,0.95,400,/home/thijs-alens/Documents/manama/applied-AI_academic-perspectives/combinatorial-optimization/project/src/benchmarks_cap_json/rc103_cap.json,0.1,42,"('insert', 'relocate', 'swap', '2opt')",3,100.0,0.95,400
412.93,845.56,19.956395387649536,27307,46,926.0,803.2,0.0015430450439453125,100.0,0.99,200,/home/thijs-alens/Documents/manama/applied-AI_academic-perspectives/combinatorial-optimization/project/src/benchmarks_cap_json/rc103_cap.json,0.1,42,"('insert', 'relocate', 'swap', '2opt')",3,100.0,0.99,200
412.93,844.79,39.57094883918762,55534,46,926.0,810.7,0.0015115737915039062,100.0,0.99,400,/home/thijs-alens/Documents/manama/applied-AI_academic-perspectives/combinatorial-optimization/project/src/benchmarks_cap_json/rc103_cap.json,0.1,42,"('insert', 'relocate', 'swap', '2opt')",3,100.0,0.99,400
427.02,489.22,0.616447925567627,1053,29,553.0,637.8,0.0005040168762207031,20.0,0.8,200,/home/thijs-alens/Documents/manama/applied-AI_academic-perspectives/combinatorial-optimization/project/src/benchmarks_cap_json/50_r110_cap.json,0.1,42,"('insert', 'relocate', 'swap', '2opt')",3,20.0,0.8,200
427.02,500.07,1.22556734085083,2356,29,567.0,669.3,0.0005002021789550781,20.0,0.8,400,/home/thijs-alens/Documents/manama/applied-AI_academic-perspectives/combinatorial-optimization/project/src/benchmarks_cap_json/50_r110_cap.json,0.1,42,"('insert', 'relocate', 'swap', '2opt')",3,20.0,0.8,400
427.02,500.07,1.2496347427368164,2513,29,567.0,667.7,0.0004944801330566406,20.0,0.9,200,/home/thijs-alens/Documents/manama/applied-AI_academic-perspectives/combinatorial-optimization/project/src/benchmarks_cap_json/50_r110_cap.json,0.1,42,"('insert', 'relocate', 'swap', '2opt')",3,20.0,0.9,200
427.02,492.46,2.5144386291503906,4811,29,562.0,695.4,0.0005004405975341797,20.0,0.9,400,/home/thijs-alens/Documents/manama/applied-AI_academic-perspectives/combinatorial-optimization/project/src/benchmarks_cap_json/50_r110_cap.json,0.1,42,"('insert', 'relocate', 'swap', '2opt')",3,20.0,0.9,400
427.02,493.46,2.577077865600586,4700,29,563.0,692.0,0.0005204677581787109,20.0,0.95,200,/home/thijs-alens/Documents/manama/applied-AI_academic-perspectives/combinatorial-optimization/project/src/benchmarks_cap_json/50_r110_cap.json,0.1,42,"('insert', 'relocate', 'swap', '2opt')",3,20.0,0.95,200
427.02,492.84,5.1711976528167725,10010,29,562.0,691.6,0.0005552768707275391,20.0,0.95,400,/home/thijs-alens/Documents/manama/applied-AI_academic-perspectives/combinatorial-optimization/project/src/benchmarks_cap_json/50_r110_cap.json,0.1,42,"('insert', 'relocate', 'swap', '2opt')",3,20.0,0.95,400
427.02,492.46,13.315614223480225,21218,29,562.0,691.0,0.0005021095275878906,20.0,0.99,200,/home/thijs-alens/Documents/manama/applied-AI_academic-perspectives/combinatorial-optimization/project/src/benchmarks_cap_json/50_r110_cap.json,0.1,42,"('insert', 'relocate', 'swap', '2opt')",3,20.0,0.99,200
427.02,492.46,26.509881496429443,49895,29,562.0,691.0,0.0005283355712890625,20.0,0.99,400,/home/thijs-alens/Documents/manama/applied-AI_academic-perspectives/combinatorial-optimization/project/src/benchmarks_cap_json/50_r110_cap.json,0.1,42,"('insert', 'relocate', 'swap', '2opt')",3,20.0,0.99,400
427.02,493.46,0.6932168006896973,1244,29,563.0,695.4,0.0005242824554443359,50.0,0.8,200,/home/thijs-alens/Documents/manama/applied-AI_academic-perspectives/combinatorial-optimization/project/src/benchmarks_cap_json/50_r110_cap.json,0.1,42,"('insert', 'relocate', 'swap', '2opt')",3,50.0,0.8,200
427.02,489.01,1.3899998664855957,2757,29,553.0,639.9,0.0005588531494140625,50.0,0.8,400,/home/thijs-alens/Documents/manama/applied-AI_academic-perspectives/combinatorial-optimization/project/src/benchmarks_cap_json/50_r110_cap.json,0.1,42,"('insert', 'relocate', 'swap', '2opt')",3,50.0,0.8,400
427.02,489.01,1.4357805252075195,2911,29,553.0,637.8,0.0005950927734375,50.0,0.9,200,/home/thijs-alens/Documents/manama/applied-AI_academic-perspectives/combinatorial-optimization/project/src/benchmarks_cap_json/50_r110_cap.json,0.1,42,"('insert', 'relocate', 'swap', '2opt')",3,50.0,0.9,200
427.02,492.34000000000003,2.9170541763305664,5150,29,563.0,706.5999999999999,0.0005066394805908203,50.0,0.9,400,/home/thijs-alens/Documents/manama/applied-AI_academic-perspectives/combinatorial-optimization/project/src/benchmarks_cap_json/50_r110_cap.json,0.1,42,"('insert', 'relocate', 'swap', '2opt')",3,50.0,0.9,400
427.02,491.11,3.029700994491577,4945,29,563.0,706.5999999999999,0.0005285739898681641,50.0,0.95,200,/home/thijs-alens/Documents/manama/applied-AI_academic-perspectives/combinatorial-optimization/project/src/benchmarks_cap_json/50_r110_cap.json,0.1,42,"('insert', 'relocate', 'swap', '2opt')",3,50.0,0.95,200
427.02,481.72,5.946606397628784,9348,29,553.0,712.8,0.0005702972412109375,50.0,0.95,400,/home/thijs-alens/Documents/manama/applied-AI_academic-perspectives/combinatorial-optimization/project/src/benchmarks_cap_json/50_r110_cap.json,0.1,42,"('insert', 'relocate', 'swap', '2opt')",3,50.0,0.95,400
427.02,478.95,15.229521989822388,26334,29,553.0,730.1999999999999,0.0005555152893066406,50.0,0.99,200,/home/thijs-alens/Documents/manama/applied-AI_academic-perspectives/combinatorial-optimization/project/src/benchmarks_cap_json/50_r110_cap.json,0.1,42,"('insert', 'relocate', 'swap', '2opt')",3,50.0,0.99,200
427.02,479.23,30.452616214752197,49884,29,553.0,730.1999999999999,0.0005512237548828125,50.0,0.99,400,/home/thijs-alens/Documents/manama/applied-AI_academic-perspectives/combinatorial-optimization/project/src/benchmarks_cap_json/50_r110_cap.json,0.1,42,"('insert', 'relocate', 'swap', '2opt')",3,50.0,0.99,400
427.02,511.51,0.7423045635223389,1336,29,580.0,684.9,0.0005087852478027344,100.0,0.8,200,/home/thijs-alens/Documents/manama/applied-AI_academic-perspectives/combinatorial-optimization/project/src/benchmarks_cap_json/50_r110_cap.json,0.1,42,"('insert', 'relocate', 'swap', '2opt')",3,100.0,0.8,200
427.02,511.04,1.5823602676391602,3134,29,580.0,688.5999999999999,0.0005543231964111328,100.0,0.8,400,/home/thijs-alens/Documents/manama/applied-AI_academic-perspectives/combinatorial-optimization/project/src/benchmarks_cap_json/50_r110_cap.json,0.1,42,"('insert', 'relocate', 'swap', '2opt')",3,100.0,0.8,400
427.02,511.51,1.6201367378234863,2845,29,580.0,684.9,0.0005586147308349609,100.0,0.9,200,/home/thijs-alens/Documents/manama/applied-AI_academic-perspectives/combinatorial-optimization/project/src/benchmarks_cap_json/50_r110_cap.json,0.1,42,"('insert', 'relocate', 'swap', '2opt')",3,100.0,0.9,200
427.02,511.14,3.4926187992095947,5500,29,580.0,680.5,0.0005593299865722656,100.0,0.9,400,/home/thijs-alens/Documents/manama/applied-AI_academic-perspectives/combinatorial-optimization/project/src/benchmarks_cap_json/50_r110_cap.json,0.1,42,"('insert', 'relocate', 'swap', '2opt')",3,100.0,0.9,400
427.02,511.89,3.4713239669799805,6174,29,580.0,681.1,0.0010237693786621094,100.0,0.95,200,/home/thijs-alens/Documents/manama/applied-AI_academic-perspectives/combinatorial-optimization/project/src/benchmarks_cap_json/50_r110_cap.json,0.1,42,"('insert', 'relocate', 'swap', '2opt')",3,100.0,0.95,200
427.02,492.28999999999996,6.805987596511841,12527,29,562.0,692.6,0.0005087852478027344,100.0,0.95,400,/home/thijs-alens/Documents/manama/applied-AI_academic-perspectives/combinatorial-optimization/project/src/benchmarks_cap_json/50_r110_cap.json,0.1,42,"('insert', 'relocate', 'swap', '2opt')",3,100.0,0.95,400
427.02,492.62,17.567923069000244,27506,29,562.0,691.7,0.0005128383636474609,100.0,0.99,200,/home/thijs-alens/Documents/manama/applied-AI_academic-perspectives/combinatorial-optimization/project/src/benchmarks_cap_json/50_r110_cap.json,0.1,42,"('insert', 'relocate', 'swap', '2opt')",3,100.0,0.99,200
427.02,492.5,35.63234996795654,62581,29,562.0,691.7,0.0005283355712890625,100.0,0.99,400,/home/thijs-alens/Documents/manama/applied-AI_academic-perspectives/combinatorial-optimization/project/src/benchmarks_cap_json/50_r110_cap.json,0.1,42,"('insert', 'relocate', 'swap', '2opt')",3,100.0,0.99,400
818.56,1149.42,0.7416245937347412,1286,57,1270.0,1205.8000000000002,0.0017728805541992188,20.0,0.8,200,/home/thijs-alens/Documents/manama/applied-AI_academic-perspectives/combinatorial-optimization/project/src/benchmarks_cap_json/c103_cap.json,0.1,42,"('insert', 'relocate', 'swap', '2opt')",3,20.0,0.8,200
818.56,1193.15,1.4788942337036133,2930,58,1320.0,1268.5,0.0017669200897216797,20.0,0.8,400,/home/thijs-alens/Documents/manama/applied-AI_academic-perspectives/combinatorial-optimization/project/src/benchmarks_cap_json/c103_cap.json,0.1,42,"('insert', 'relocate', 'swap', '2opt')",3,20.0,0.8,400
818.56,1185.07,1.556204080581665,2583,57,1310.0,1249.1999999999998,0.0017957687377929688,20.0,0.9,200,/home/thijs-alens/Documents/manama/applied-AI_academic-perspectives/combinatorial-optimization/project/src/benchmarks_cap_json/c103_cap.json,0.1,42,"('insert', 'relocate', 'swap', '2opt')",3,20.0,0.9,200
818.56,1187.62,3.2813148498535156,5714,58,1310.0,1223.7,0.0018572807312011719,20.0,0.9,400,/home/thijs-alens/Documents/manama/applied-AI_academic-perspectives/combinatorial-optimization/project/src/benchmarks_cap_json/c103_cap.json,0.1,42,"('insert', 'relocate', 'swap', '2opt')",3,20.0,0.9,400
818.56,1178.93,3.2698464393615723,5022,58,1310.0,1310.7,0.0019683837890625,20.0,0.95,200,/home/thijs-alens/Documents/manama/applied-AI_academic-perspectives/combinatorial-optimization/project/src/benchmarks_cap_json/c103_cap.json,0.1,42,"('insert', 'relocate', 'swap', '2opt')",3,20.0,0.95,200
818.56,1198.31,6.4146201610565186,11093,56,1310.0,1115.7,0.0016827583312988281,20.0,0.95,400,/home/thijs-alens/Documents/manama/applied-AI_academic-perspectives/combinatorial-optimization/project/src/benchmarks_cap_json/c103_cap.json,0.1,42,"('insert', 'relocate', 'swap', '2opt')",3,20.0,0.95,400
818.56,1169.29,15.78252625465393,26062,56,1280.0,1107.1,0.0018405914306640625,20.0,0.99,200,/home/thijs-alens/Documents/manama/applied-AI_academic-perspectives/combinatorial-optimization/project/src/benchmarks_cap_json/c103_cap.json,0.1,42,"('insert', 'relocate', 'swap', '2opt')",3,20.0,0.99,200
818.56,1209.47,31.5241436958313,62796,58,1310.0,1005.3000000000001,0.0017161369323730469,20.0,0.99,400,/home/thijs-alens/Documents/manama/applied-AI_academic-perspectives/combinatorial-optimization/project/src/benchmarks_cap_json/c103_cap.json,0.1,42,"('insert', 'relocate', 'swap', '2opt')",3,20.0,0.99,400
818.56,1165.54,0.8036715984344482,1871,55,1290.0,1244.6,0.0016753673553466797,50.0,0.8,200,/home/thijs-alens/Documents/manama/applied-AI_academic-perspectives/combinatorial-optimization/project/src/benchmarks_cap_json/c103_cap.json,0.1,42,"('insert', 'relocate', 'swap', '2opt')",3,50.0,0.8,200
818.56,1156.79,1.5859553813934326,3277,53,1280.0,1232.1,0.001745462417602539,50.0,0.8,400,/home/thijs-alens/Documents/manama/applied-AI_academic-perspectives/combinatorial-optimization/project/src/benchmarks_cap_json/c103_cap.json,0.1,42,"('insert', 'relocate', 'swap', '2opt')",3,50.0,0.8,400
818.56,1211.8,1.6560792922973633,4022,57,1340.0,1281.0,0.0017848014831542969,50.0,0.9,200,/home/thijs-alens/Documents/manama/applied-AI_academic-perspectives/combinatorial-optimization/project/src/benchmarks_cap_json/c103_cap.json,0.1,42,"('insert', 'relocate', 'swap', '2opt')",3,50.0,0.9,200
818.56,1193.3,3.317603349685669,6931,54,1330.0,1366.9,0.0016396045684814453,50.0,0.9,400,/home/thijs-alens/Documents/manama/applied-AI_academic-perspectives/combinatorial-optimization/project/src/benchmarks_cap_json/c103_cap.json,0.1,42,"('insert', 'relocate', 'swap', '2opt')",3,50.0,0.9,400
818.56,1188.83,3.331557512283325,7340,55,1310.0,1210.6,0.0015892982482910156,50.0,0.95,200,/home/thijs-alens/Documents/manama/applied-AI_academic-perspectives/combinatorial-optimization/project/src/benchmarks_cap_json/c103_cap.json,0.1,42,"('insert', 'relocate', 'swap', '2opt')",3,50.0,0.95,200
818.56,1158.76,7.0373640060424805,15484,56,1280.0,1212.3999999999999,0.0017578601837158203,50.0,0.95,400,/home/thijs-alens/Documents/manama/applied-AI_academic-perspectives/combinatorial-optimization/project/src/benchmarks_cap_json/c103_cap.json,0.1,42,"('insert', 'relocate', 'swap', '2opt')",3,50.0,0.95,400
818.56,1182.7,17.463369131088257,35416,55,1290.0,1063.2,0.0016813278198242188,50.0,0.99,200,/home/thijs-alens/Documents/manama/applied-AI_academic-perspectives/combinatorial-optimization/project/src/benchmarks_cap_json/c103_cap.json,0.1,42,"('insert', 'relocate', 'swap', '2opt')",3,50.0,0.99,200
818.56,1153.98,33.968393087387085,74522,54,1260.0,1060.2,0.001720428466796875,50.0,0.99,400,/home/thijs-alens/Documents/manama/applied-AI_academic-perspectives/combinatorial-optimization/project/src/benchmarks_cap_json/c103_cap.json,0.1,42,"('insert', 'relocate', 'swap', '2opt')",3,50.0,0.99,400
818.56,1119.92,0.8383779525756836,2205,54,1230.0,1100.8,0.001688241958618164,100.0,0.8,200,/home/thijs-alens/Documents/manama/applied-AI_academic-perspectives/combinatorial-optimization/project/src/benchmarks_cap_json/c103_cap.json,0.1,42,"('insert', 'relocate', 'swap', '2opt')",3,100.0,0.8,200
818.56,1177.41,1.729377031326294,4286,57,1290.0,1125.9,0.001627206802368164,100.0,0.8,400,/home/thijs-alens/Documents/manama/applied-AI_academic-perspectives/combinatorial-optimization/project/src/benchmarks_cap_json/c103_cap.json,0.1,42,"('insert', 'relocate', 'swap', '2opt')",3,100.0,0.8,400
818.56,1143.23,1.780792474746704,4132,56,1260.0,1167.7,0.001653909683227539,100.0,0.9,200,/home/thijs-alens/Documents/manama/applied-AI_academic-perspectives/combinatorial-optimization/project/src/benchmarks_cap_json/c103_cap.json,0.1,42,"('insert', 'relocate', 'swap', '2opt')",3,100.0,0.9,200
818.56,1140.22,3.603290319442749,8848,56,1250.0,1097.8,0.00171661376953125,100.0,0.9,400,/home/thijs-alens/Documents/manama/applied-AI_academic-perspectives/combinatorial-optimization/project/src/benchmarks_cap_json/c103_cap.json,0.1,42,"('insert', 'relocate', 'swap', '2opt')",3,100.0,0.9,400
818.56,1134.78,3.811610221862793,9675,56,1250.0,1152.2,0.0016925334930419922,100.0,0.95,200,/home/thijs-alens/Documents/manama/applied-AI_academic-perspectives/combinatorial-optimization/project/src/benchmarks_cap_json/c103_cap.json,0.1,42,"('insert', 'relocate', 'swap', '2opt')",3,100.0,0.95,200
818.56,1186.42,7.512944459915161,18428,57,1300.0,1135.8,0.001680612564086914,100.0,0.95,400,/home/thijs-alens/Documents/manama/applied-AI_academic-perspectives/combinatorial-optimization/project/src/benchmarks_cap_json/c103_cap.json,0.1,42,"('insert', 'relocate', 'swap', '2opt')",3,100.0,0.95,400
818.56,1175.26,19.49186110496521,43115,57,1290.0,1147.3,0.0016827583312988281,100.0,0.99,200,/home/thijs-alens/Documents/manama/applied-AI_academic-perspectives/combinatorial-optimization/project/src/benchmarks_cap_json/c103_cap.json,0.1,42,"('insert', 'relocate', 'swap', '2opt')",3,100.0,0.99,200
818.56,1199.89,38.45107889175415,85033,57,1310.0,1101.0,0.0019593238830566406,100.0,0.99,400,/home/thijs-alens/Documents/manama/applied-AI_academic-perspectives/combinatorial-optimization/project/src/benchmarks_cap_json/c103_cap.json,0.1,42,"('insert', 'relocate', 'swap', '2opt')",3,100.0,0.99,400
243.14,408.34,0.6620137691497803,647,25,462.0,536.6,0.00043702125549316406,20.0,0.8,200,/home/thijs-alens/Documents/manama/applied-AI_academic-perspectives/combinatorial-optimization/project/src/benchmarks_cap_json/50_r101_cap.json,0.1,42,"('insert', 'relocate', 'swap', '2opt')",3,20.0,0.8,200
243.14,408.34,1.3313744068145752,1268,25,462.0,536.6,0.0004851818084716797,20.0,0.8,400,/home/thijs-alens/Documents/manama/applied-AI_academic-perspectives/combinatorial-optimization/project/src/benchmarks_cap_json/50_r101_cap.json,0.1,42,"('insert', 'relocate', 'swap', '2opt')",3,20.0,0.8,400
243.14,408.34,1.3953471183776855,1303,25,462.0,536.6,0.00043892860412597656,20.0,0.9,200,/home/thijs-alens/Documents/manama/applied-AI_academic-perspectives/combinatorial-optimization/project/src/benchmarks_cap_json/50_r101_cap.json,0.1,42,"('insert', 'relocate', 'swap', '2opt')",3,20.0,0.9,200
243.14,417.35,2.782496690750122,2811,26,474.0,566.5,0.0004627704620361328,20.0,0.9,400,/home/thijs-alens/Documents/manama/applied-AI_academic-perspectives/combinatorial-optimization/project/src/benchmarks_cap_json/50_r101_cap.json,0.1,42,"('insert', 'relocate', 'swap', '2opt')",3,20.0,0.9,400
243.14,417.35,2.8603506088256836,2863,26,474.0,566.5,0.0004878044128417969,20.0,0.95,200,/home/thijs-alens/Documents/manama/applied-AI_academic-perspectives/combinatorial-optimization/project/src/benchmarks_cap_json/50_r101_cap.json,0.1,42,"('insert', 'relocate', 'swap', '2opt')",3,20.0,0.95,200
243.14,417.35,5.687648773193359,5573,26,474.0,566.5,0.00045990943908691406,20.0,0.95,400,/home/thijs-alens/Documents/manama/applied-AI_academic-perspectives/combinatorial-optimization/project/src/benchmarks_cap_json/50_r101_cap.json,0.1,42,"('insert', 'relocate', 'swap', '2opt')",3,20.0,0.95,400
243.14,417.35,14.578123569488525,14095,26,474.0,566.5,0.0004410743713378906,20.0,0.99,200,/home/thijs-alens/Documents/manama/applied-AI_academic-perspectives/combinatorial-optimization/project/src/benchmarks_cap_json/50_r101_cap.json,0.1,42,"('insert', 'relocate', 'swap', '2opt')",3,20.0,0.99,200
243.14,417.35,28.951547145843506,28219,26,474.0,566.5,0.0004611015319824219,20.0,0.99,400,/home/thijs-alens/Documents/manama/applied-AI_academic-perspectives/combinatorial-optimization/project/src/benchmarks_cap_json/50_r101_cap.json,0.1,42,"('insert', 'relocate', 'swap', '2opt')",3,20.0,0.99,400
243.14,408.34,0.7420127391815186,754,25,462.0,536.6,0.0004405975341796875,50.0,0.8,200,/home/thijs-alens/Documents/manama/applied-AI_academic-perspectives/combinatorial-optimization/project/src/benchmarks_cap_json/50_r101_cap.json,0.1,42,"('insert', 'relocate', 'swap', '2opt')",3,50.0,0.8,200
243.14,417.35,1.5293340682983398,1525,26,474.0,566.5,0.00047326087951660156,50.0,0.8,400,/home/thijs-alens/Documents/manama/applied-AI_academic-perspectives/combinatorial-optimization/project/src/benchmarks_cap_json/50_r101_cap.json,0.1,42,"('insert', 'relocate', 'swap', '2opt')",3,50.0,0.8,400
243.14,417.35,1.619694709777832,1582,26,474.0,566.5,0.0004944801330566406,50.0,0.9,200,/home/thijs-alens/Documents/manama/applied-AI_academic-perspectives/combinatorial-optimization/project/src/benchmarks_cap_json/50_r101_cap.json,0.1,42,"('insert', 'relocate', 'swap', '2opt')",3,50.0,0.9,200
243.14,417.35,3.1770598888397217,3128,26,474.0,566.5,0.0004444122314453125,50.0,0.9,400,/home/thijs-alens/Documents/manama/applied-AI_academic-perspectives/combinatorial-optimization/project/src/benchmarks_cap_json/50_r101_cap.json,0.1,42,"('insert', 'relocate', 'swap', '2opt')",3,50.0,0.9,400
243.14,417.35,3.2177138328552246,3229,26,474.0,566.5,0.0004830360412597656,50.0,0.95,200,/home/thijs-alens/Documents/manama/applied-AI_academic-perspectives/combinatorial-optimization/project/src/benchmarks_cap_json/50_r101_cap.json,0.1,42,"('insert', 'relocate', 'swap', '2opt')",3,50.0,0.95,200
243.14,417.35,6.400166034698486,6351,26,474.0,566.5,0.0004329681396484375,50.0,0.95,400,/home/thijs-alens/Documents/manama/applied-AI_academic-perspectives/combinatorial-optimization/project/src/benchmarks_cap_json/50_r101_cap.json,0.1,42,"('insert', 'relocate', 'swap', '2opt')",3,50.0,0.95,400
243.14,417.35,16.392956733703613,16236,26,474.0,566.5,0.00044274330139160156,50.0,0.99,200,/home/thijs-alens/Documents/manama/applied-AI_academic-perspectives/combinatorial-optimization/project/src/benchmarks_cap_json/50_r101_cap.json,0.1,42,"('insert', 'relocate', 'swap', '2opt')",3,50.0,0.99,200
243.14,417.35,32.410810708999634,32259,26,474.0,566.5,0.0004818439483642578,50.0,0.99,400,/home/thijs-alens/Documents/manama/applied-AI_academic-perspectives/combinatorial-optimization/project/src/benchmarks_cap_json/50_r101_cap.json,0.1,42,"('insert', 'relocate', 'swap', '2opt')",3,50.0,0.99,400
243.14,408.34,0.8213012218475342,836,25,462.0,536.6,0.0004961490631103516,100.0,0.8,200,/home/thijs-alens/Documents/manama/applied-AI_academic-perspectives/combinatorial-optimization/project/src/benchmarks_cap_json/50_r101_cap.json,0.1,42,"('insert', 'relocate', 'swap', '2opt')",3,100.0,0.8,200
243.14,417.35,1.6124393939971924,1628,26,474.0,566.5,0.0005047321319580078,100.0,0.8,400,/home/thijs-alens/Documents/manama/applied-AI_academic-perspectives/combinatorial-optimization/project/src/benchmarks_cap_json/50_r101_cap.json,0.1,42,"('insert', 'relocate', 'swap', '2opt')",3,100.0,0.8,400
243.14,417.35,1.6745927333831787,1728,26,474.0,566.5,0.0004878044128417969,100.0,0.9,200,/home/thijs-alens/Documents/manama/applied-AI_academic-perspectives/combinatorial-optimization/project/src/benchmarks_cap_json/50_r101_cap.json,0.1,42,"('insert', 'relocate', 'swap', '2opt')",3,100.0,0.9,200
243.14,417.35,3.370690107345581,3453,26,474.0,566.5,0.0005090236663818359,100.0,0.9,400,/home/thijs-alens/Documents/manama/applied-AI_academic-perspectives/combinatorial-optimization/project/src/benchmarks_cap_json/50_r101_cap.json,0.1,42,"('insert', 'relocate', 'swap', '2opt')",3,100.0,0.9,400
243.14,417.35,3.4036872386932373,3525,26,474.0,566.5,0.0004513263702392578,100.0,0.95,200,/home/thijs-alens/Documents/manama/applied-AI_academic-perspectives/combinatorial-optimization/project/src/benchmarks_cap_json/50_r101_cap.json,0.1,42,"('insert', 'relocate', 'swap', '2opt')",3,100.0,0.95,200
243.14,417.35,6.91557502746582,7035,26,474.0,566.5,0.00044918060302734375,100.0,0.95,400,/home/thijs-alens/Documents/manama/applied-AI_academic-perspectives/combinatorial-optimization/project/src/benchmarks_cap_json/50_r101_cap.json,0.1,42,"('insert', 'relocate', 'swap', '2opt')",3,100.0,0.95,400
243.14,417.35,17.498793840408325,17788,26,474.0,566.5,0.0004622936248779297,100.0,0.99,200,/home/thijs-alens/Documents/manama/applied-AI_academic-perspectives/combinatorial-optimization/project/src/benchmarks_cap_json/50_r101_cap.json,0.1,42,"('insert', 'relocate', 'swap', '2opt')",3,100.0,0.99,200
243.14,417.35,34.882041215896606,35496,26,474.0,566.5,0.00043320655822753906,100.0,0.99,400,/home/thijs-alens/Documents/manama/applied-AI_academic-perspectives/combinatorial-optimization/project/src/benchmarks_cap_json/50_r101_cap.json,0.1,42,"('insert', 'relocate', 'swap', '2opt')",3,100.0,0.99,400
451.35,574.3199999999999,0.6365664005279541,1410,29,670.0,956.8000000000001,0.0005123615264892578,20.0,0.8,200,/home/thijs-alens/Documents/manama/applied-AI_academic-perspectives/combinatorial-optimization/project/src/benchmarks_cap_json/50_rc103_cap.json,0.1,42,"('insert', 'relocate', 'swap', '2opt')",3,20.0,0.8,200
451.35,574.3199999999999,1.2597506046295166,2701,29,670.0,956.8000000000001,0.0005400180816650391,20.0,0.8,400,/home/thijs-alens/Documents/manama/applied-AI_academic-perspectives/combinatorial-optimization/project/src/benchmarks_cap_json/50_rc103_cap.json,0.1,42,"('insert', 'relocate', 'swap', '2opt')",3,20.0,0.8,400
451.35,574.3199999999999,1.2991759777069092,2935,29,670.0,956.8000000000001,0.000522613525390625,20.0,0.9,200,/home/thijs-alens/Documents/manama/applied-AI_academic-perspectives/combinatorial-optimization/project/src/benchmarks_cap_json/50_rc103_cap.json,0.1,42,"('insert', 'relocate', 'swap', '2opt')",3,20.0,0.9,200
451.35,574.3199999999999,2.5818238258361816,5862,29,670.0,956.8000000000001,0.0005128383636474609,20.0,0.9,400,/home/thijs-alens/Documents/manama/applied-AI_academic-perspectives/combinatorial-optimization/project/src/benchmarks_cap_json/50_rc103_cap.json,0.1,42,"('insert', 'relocate', 'swap', '2opt')",3,20.0,0.9,400
451.35,574.3199999999999,2.724761486053467,6011,29,670.0,956.8000000000001,0.0005221366882324219,20.0,0.95,200,/home/thijs-alens/Documents/manama/applied-AI_academic-perspectives/combinatorial-optimization/project/src/benchmarks_cap_json/50_rc103_cap.json,0.1,42,"('insert', 'relocate', 'swap', '2opt')",3,20.0,0.95,200
451.35,574.3199999999999,5.381911039352417,11891,29,670.0,956.8000000000001,0.0005269050598144531,20.0,0.95,400,/home/thijs-alens/Documents/manama/applied-AI_academic-perspectives/combinatorial-optimization/project/src/benchmarks_cap_json/50_rc103_cap.json,0.1,42,"('insert', 'relocate', 'swap', '2opt')",3,20.0,0.95,400
451.35,574.3199999999999,13.507606983184814,29926,29,670.0,956.8000000000001,0.0005125999450683594,20.0,0.99,200,/home/thijs-alens/Documents/manama/applied-AI_academic-perspectives/combinatorial-optimization/project/src/benchmarks_cap_json/50_rc103_cap.json,0.1,42,"('insert', 'relocate', 'swap', '2opt')",3,20.0,0.99,200
451.35,574.3199999999999,27.17284321784973,60713,29,670.0,956.8000000000001,0.0005400180816650391,20.0,0.99,400,/home/thijs-alens/Documents/manama/applied-AI_academic-perspectives/combinatorial-optimization/project/src/benchmarks_cap_json/50_rc103_cap.json,0.1,42,"('insert', 'relocate', 'swap', '2opt')",3,20.0,0.99,400
451.35,569.28,0.7195594310760498,1495,29,670.0,964.9000000000001,0.0005059242248535156,50.0,0.8,200,/home/thijs-alens/Documents/manama/applied-AI_academic-perspectives/combinatorial-optimization/project/src/benchmarks_cap_json/50_rc103_cap.json,0.1,42,"('insert', 'relocate', 'swap', '2opt')",3,50.0,0.8,200
451.35,574.3199999999999,1.387169599533081,3292,29,670.0,956.8000000000001,0.0005197525024414062,50.0,0.8,400,/home/thijs-alens/Documents/manama/applied-AI_academic-perspectives/combinatorial-optimization/project/src/benchmarks_cap_json/50_rc103_cap.json,0.1,42,"('insert', 'relocate', 'swap', '2opt')",3,50.0,0.8,400
451.35,574.3199999999999,1.4307262897491455,3507,29,670.0,956.8000000000001,0.0005218982696533203,50.0,0.9,200,/home/thijs-alens/Documents/manama/applied-AI_academic-perspectives/combinatorial-optimization/project/src/benchmarks_cap_json/50_rc103_cap.json,0.1,42,"('insert', 'relocate', 'swap', '2opt')",3,50.0,0.9,200
451.35,574.3199999999999,2.8632049560546875,6779,29,670.0,956.8000000000001,0.0005006790161132812,50.0,0.9,400,/home/thijs-alens/Documents/manama/applied-AI_academic-perspectives/combinatorial-optimization/project/src/benchmarks_cap_json/50_rc103_cap.json,0.1,42,"('insert', 'relocate', 'swap', '2opt')",3,50.0,0.9,400
451.35,574.3199999999999,2.957165002822876,7011,29,670.0,956.8000000000001,0.0004923343658447266,50.0,0.95,200,/home/thijs-alens/Documents/manama/applied-AI_academic-perspectives/combinatorial-optimization/project/src/benchmarks_cap_json/50_rc103_cap.json,0.1,42,"('insert', 'relocate', 'swap', '2opt')",3,50.0,0.95,200
451.35,574.3199999999999,6.938056707382202,14086,29,670.0,956.8000000000001,0.0005381107330322266,50.0,0.95,400,/home/thijs-alens/Documents/manama/applied-AI_academic-perspectives/combinatorial-optimization/project/src/benchmarks_cap_json/50_rc103_cap.json,0.1,42,"('insert', 'relocate', 'swap', '2opt')",3,50.0,0.95,400
451.35,574.3199999999999,21.75693941116333,35880,29,670.0,956.8000000000001,0.0009856224060058594,50.0,0.99,200,/home/thijs-alens/Documents/manama/applied-AI_academic-perspectives/combinatorial-optimization/project/src/benchmarks_cap_json/50_rc103_cap.json,0.1,42,"('insert', 'relocate', 'swap', '2opt')",3,50.0,0.99,200
451.35,574.3199999999999,44.59504199028015,71427,29,670.0,956.8000000000001,0.0007443428039550781,50.0,0.99,400,/home/thijs-alens/Documents/manama/applied-AI_academic-perspectives/combinatorial-optimization/project/src/benchmarks_cap_json/50_rc103_cap.json,0.1,42,"('insert', 'relocate', 'swap', '2opt')",3,50.0,0.99,400
451.35,641.8199999999999,1.1061267852783203,2343,29,730.0,881.8000000000001,0.0012645721435546875,100.0,0.8,200,/home/thijs-alens/Documents/manama/applied-AI_academic-perspectives/combinatorial-optimization/project/src/benchmarks_cap_json/50_rc103_cap.json,0.1,42,"('insert', 'relocate', 'swap', '2opt')",3,100.0,0.8,200
451.35,641.8199999999999,2.330629348754883,4756,29,730.0,881.8000000000001,0.0007543563842773438,100.0,0.8,400,/home/thijs-alens/Documents/manama/applied-AI_academic-perspectives/combinatorial-optimization/project/src/benchmarks_cap_json/50_rc103_cap.json,0.1,42,"('insert', 'relocate', 'swap', '2opt')",3,100.0,0.8,400
451.35,641.8199999999999,2.410121440887451,4872,29,730.0,881.8000000000001,0.0007424354553222656,100.0,0.9,200,/home/thijs-alens/Documents/manama/applied-AI_academic-perspectives/combinatorial-optimization/project/src/benchmarks_cap_json/50_rc103_cap.json,0.1,42,"('insert', 'relocate', 'swap', '2opt')",3,100.0,0.9,200
451.35,641.8199999999999,4.703451871871948,9821,29,730.0,881.8000000000001,0.0007770061492919922,100.0,0.9,400,/home/thijs-alens/Documents/manama/applied-AI_academic-perspectives/combinatorial-optimization/project/src/benchmarks_cap_json/50_rc103_cap.json,0.1,42,"('insert', 'relocate', 'swap', '2opt')",3,100.0,0.9,400
451.35,641.8199999999999,4.872136116027832,9955,29,730.0,881.8000000000001,0.0007760524749755859,100.0,0.95,200,/home/thijs-alens/Documents/manama/applied-AI_academic-perspectives/combinatorial-optimization/project/src/benchmarks_cap_json/50_rc103_cap.json,0.1,42,"('insert', 'relocate', 'swap', '2opt')",3,100.0,0.95,200
451.35,641.8199999999999,9.582542896270752,20407,29,730.0,881.8000000000001,0.0007448196411132812,100.0,0.95,400,/home/thijs-alens/Documents/manama/applied-AI_academic-perspectives/combinatorial-optimization/project/src/benchmarks_cap_json/50_rc103_cap.json,0.1,42,"('insert', 'relocate', 'swap', '2opt')",3,100.0,0.95,400
451.35,641.8199999999999,23.69949197769165,50536,29,730.0,881.8000000000001,0.00079345703125,100.0,0.99,200,/home/thijs-alens/Documents/manama/applied-AI_academic-perspectives/combinatorial-optimization/project/src/benchmarks_cap_json/50_rc103_cap.json,0.1,42,"('insert', 'relocate', 'swap', '2opt')",3,100.0,0.99,200
451.35,641.8199999999999,47.00486946105957,103744,29,730.0,881.8000000000001,0.0007486343383789062,100.0,0.99,400,/home/thijs-alens/Documents/manama/applied-AI_academic-perspectives/combinatorial-optimization/project/src/benchmarks_cap_json/50_rc103_cap.json,0.1,42,"('insert', 'relocate', 'swap', '2opt')",3,100.0,0.99,400
